model,accuracy,f1,auc
SVM,0.8435374149659864,0.8855721393034826,0.8928872053872055
RF,0.8231292517006803,0.8773584905660378,0.8470117845117845
