model,accuracy,f1,auc,train_sec,infer_sec_per_sample
SVM,0.8435374149659864,0.8855721393034826,0.8928872053872055,0.02830541701405309,1.353287747047436e-05
RF,0.8231292517006803,0.8773584905660378,0.8470117845117845,0.2829077090136707,0.00029665533335226886
