{
  "n_bootstrap": 300,
  "accuracy_mean": 0.822063492063492,
  "accuracy_ci95": [
    0.7619047619047619,
    0.8775510204081632
  ],
  "f1_mean": 0.8762500188730246,
  "f1_ci95": [
    0.8304644412191583,
    0.9199156985278698
  ],
  "auc_mean": 0.8463592148220067,
  "auc_ci95": [
    0.7620890335392764,
    0.9069376262459021
  ]
}