{
  "brier_score": 0.1400096513605442,
  "n_bins": 10,
  "mean_predicted_value": [
    0.0375,
    0.1592857142857143,
    0.2502777777777778,
    0.3625,
    0.44281249999999994,
    0.5565384615384615,
    0.6538000000000003,
    0.7525961538461539,
    0.84275,
    0.9238888888888889
  ],
  "fraction_of_positives": [
    0.0,
    0.0,
    0.3333333333333333,
    0.2,
    0.25,
    0.5384615384615384,
    0.76,
    0.8461538461538461,
    0.9,
    1.0
  ]
}