{
  "models": {
    "rf": {
      "accuracy_ci": {
        "mean": 0.6235517200191113,
        "ci_low": 0.5135869565217391,
        "ci_high": 0.7335164835164835
      },
      "f1_ci": {
        "mean": 0.6662368543622681,
        "ci_low": 0.5041551246537396,
        "ci_high": 0.8283185840707965
      },
      "auc_ci": {
        "mean": 0.6873526463070685,
        "ci_low": 0.671311475409836,
        "ci_high": 0.703393817204301
      },
      "n_subjects": 2
    },
    "svm_rbf": {
      "accuracy_ci": {
        "mean": 0.34976708074534163,
        "ci_low": 0.3423913043478261,
        "ci_high": 0.35714285714285715
      },
      "f1_ci": {
        "mean": 0.11177944862155388,
        "ci_low": 0.09022556390977443,
        "ci_high": 0.13333333333333333
      },
      "auc_ci": {
        "mean": 0.5805377445795875,
        "ci_low": 0.5616803278688525,
        "ci_high": 0.5993951612903226
      },
      "n_subjects": 2
    },
    "logreg": {
      "accuracy_ci": {
        "mean": 0.4458910654562828,
        "ci_low": 0.34782608695652173,
        "ci_high": 0.5439560439560439
      },
      "f1_ci": {
        "mean": 0.31176544136034007,
        "ci_low": 0.06976744186046512,
        "ci_high": 0.553763440860215
      },
      "auc_ci": {
        "mean": 0.6611930966860567,
        "ci_low": 0.6552755376344086,
        "ci_high": 0.6671106557377049
      },
      "n_subjects": 2
    }
  },
  "winner": "rf"
}