{
  "subjects": [
    1,
    2
  ],
  "seeds": [
    7,
    21,
    42,
    84,
    126
  ],
  "models": {
    "rf": {
      "seed_scores": [
        0.6426331820353559,
        0.6195054945054945,
        0.6235517200191113,
        0.6276725991399905,
        0.6426481127568084
      ],
      "mean_accuracy": 0.6312022216913521,
      "std_accuracy": 0.0096899650641362,
      "min_accuracy": 0.6195054945054945,
      "max_accuracy": 0.6426481127568084
    },
    "mlp": {
      "seed_scores": [
        0.4798733874820831,
        0.4621804825609173,
        0.500358337314859,
        0.47190038222646924,
        0.5589464882943144
      ],
      "mean_accuracy": 0.4946518155757286,
      "std_accuracy": 0.03451604396356234,
      "min_accuracy": 0.4621804825609173,
      "max_accuracy": 0.5589464882943144
    }
  }
}