{
  "n_windows": 400,
  "latency_ms": {
    "mean": 78.63697612745455,
    "p50": 76.30266649357509,
    "p95": 99.9905819131527,
    "p99": 112.27724558615576,
    "max": 773.6386659962591
  },
  "throughput_windows_per_sec": 12.716479923084803,
  "probability_range": {
    "min": 0.005,
    "max": 0.99,
    "mean": 0.48833125000000005
  }
}