{
  "results": [
    {
      "subject_holdout": 1,
      "test_samples": 368,
      "accuracy": 0.5163043478260869,
      "f1": 0.5163043478260869,
      "auc": 0.7049899193548387
    },
    {
      "subject_holdout": 2,
      "test_samples": 364,
      "accuracy": 0.728021978021978,
      "f1": 0.8253968253968254,
      "auc": 0.6672814207650275
    }
  ]
}